score_original,score_pca
72.72727272727273,68.83116883116884
