score_original,score_pca
31.16883116883117,32.467532467532465
